{
    "loss": 0.09499918669462204,
    "accuracy": 0.9666666388511658
}